<?xml version="1.0" standalone="yes"?>
<NewDataSet>
  <ord>
    <OrderID>1000</OrderID>
    <customername>abisheik</customername>
    <orderdate>2017-02-08T00:00:00+05:30</orderdate>
  </ord>
  <ord>
    <OrderID>1001</OrderID>
    <customername>abisheik</customername>
    <orderdate>2017-02-08T00:00:00+05:30</orderdate>
  </ord>
  <ord>
    <OrderID>1002</OrderID>
    <customername>kamaraj</customername>
    <orderdate>2017-02-08T00:00:00+05:30</orderdate>
  </ord>
  <ord>
    <OrderID>1005</OrderID>
    <customername>balu</customername>
    <orderdate>2017-02-08T00:00:00+05:30</orderdate>
  </ord>
  <ord>
    <OrderID>1006</OrderID>
    <customername>eashwar</customername>
    <orderdate>2017-02-08T00:00:00+05:30</orderdate>
  </ord>
</NewDataSet>